Name,claimedtype,redshift,alias,spectrum_count,in_anderson,in_cccp,in_pantheon,in_sanders,spec_class
ASASSN-13ax,Dwarf Nova,,ASASSN-13ax,0,0,0,0,0,0
ASASSN-14ae,TDE,0.0436,ASASSN-14ae,0,0,0,0,0,0
ASASSN-14az,IIb,0.006731,ASASSN-14az;Gaia14age;MLS140831:234448-020701,1,0,0,0,0,0
ASASSN-14bb,Ia,0.022;0.023,ASASSN-14bb;iPTF14axo,1,0,0,0,0,0
ASASSN-14dq,II;IIb,0.010424,ASASSN-14dq,0,0,0,0,0,0
ASASSN-14ha,II,0.005017,ASASSN-14ha,10,0,0,0,0,1
ASASSN-14hi,CV,,ASASSN-14hi,0,0,0,0,0,0
ASASSN-14kg,II,0.014477,ASASSN-14kg,0,0,0,0,0,0
ASASSN-14lp,Ia,0.005101,ASASSN-14lp,59,0,0,0,0,1
ASASSN-15bc,Ia;Ia-91T,0.036715,ASASSN-15bc,0,0,0,0,0,0
ASASSN-15bk,Ia,0.034277,ASASSN-15bk;Gaia15aao;PS15yq,1,0,0,0,0,0
ASASSN-15fa,Ia;Ia-91T,0.027408,ASASSN-15fa;Gaia15adb,1,0,0,0,0,0
ASASSN-15fs,Ia,0.02902,ASASSN-15fs;Gaia15afh;PS15aij,0,0,0,0,0,0
ASASSN-15ga,Ia;Ia-91bg,0.006631,ASASSN-15ga,0,0,0,0,0,0
ASASSN-15go,Ia,0.018923,ASASSN-15go,1,0,0,0,0,0
ASASSN-15hg,Ia,0.029771,ASASSN-15hg,0,0,0,0,0,0
ASASSN-15hy,Ia Pec,0.025;0.032,ASASSN-15hy;PS15aou,1,0,0,0,0,0
ASASSN-15il,Ia,0.023316,ASASSN-15il,0,0,0,0,0,0
ASASSN-15jl,Ia,0.034746,ASASSN-15jl;PS15aol,0,0,0,0,0,0
ASASSN-15jt,Ia,0.022999,ASASSN-15jt,0,0,0,0,0,0
ASASSN-15kx,Ia,0.018019,ASASSN-15kx,1,0,0,0,0,0
ASASSN-15la,Ia,0.027903,ASASSN-15la;PS15bdj,0,0,0,0,0,0
ASASSN-15lg,Ia,0.020317,ASASSN-15lg,0,0,0,0,0,0
ASASSN-15lu,Ia,0.035037,ASASSN-15lu,0,0,0,0,0,0
ASASSN-15mf,Ia,0.026,ASASSN-15mf,0,0,0,0,0,0
ASASSN-15mg,Ia,0.0428,ASASSN-15mg,1,0,0,0,0,0
ASASSN-15mi,Ia Pec;Ia-91T,0.034446,ASASSN-15mi,1,0,0,0,0,0
ASASSN-15np,Ia,0.037688,ASASSN-15np,1,0,0,0,0,0
ASASSN-15nq,Ia,0.030418,ASASSN-15nq,1,0,0,0,0,0
ASASSN-15nr,Ia;Ia-91T,0.023206,ASASSN-15nr,0,0,0,0,0,0
ASASSN-15od,Ia,0.017989,ASASSN-15od;PS15bxd;DES15X3iv,0,0,0,0,0,0
ASASSN-15oh,Ia,0.016835,ASASSN-15oh,0,0,0,0,0,0
ASASSN-15pm,Ia,0.048784,ASASSN-15pm;PS15ckl;CSS150913:013836-044047,0,0,0,0,0,0
ASASSN-15pn,Ia,0.038393,ASASSN-15pn,0,0,0,0,0,0
ASASSN-15pr,Ia,0.033093,ASASSN-15pr,0,0,0,0,0,0
ASASSN-15py,Ia,0.044743,ASASSN-15py,0,0,0,0,0,0
ASASSN-15rw,Ia,0.0189,ASASSN-15rw;CSS151031:021558+121414;MLS151211:021558+121414;PS15coh;iPTF15fev,0,0,0,0,0,0
ASASSN-15sb,Ia,0.022712,ASASSN-15sb,0,0,0,0,0,0
ASASSN-15sf,Ia,0.027,ASASSN-15sf;LSQ15bjb;PS1-15cog;PS15cog,0,0,0,0,0,0
ASASSN-15so,Ia,0.007125,ASASSN-15so,1,0,0,0,0,0
ASASSN-15ss,Ia,0.035558,ASASSN-15ss,0,0,0,0,0,0
ASASSN-15ti,Ia,0.016,ASASSN-15ti,0,0,0,0,0,0
ASASSN-15tz,Ia,0.022862,ASASSN-15tz,0,0,0,0,0,0
ASASSN-15uu,Ia,0.026795,ASASSN-15uu,1,0,0,0,0,0
ASASSN-15uv,Ia,0.02033,ASASSN-15uv;PS15dqu,1,0,0,0,0,0
ASASSN-15uw,Ia,0.030811,ASASSN-15uw,0,0,0,0,0,0
CSS130912:025702-001844,SLSN-I,0.431,CSS130912:025702-001844;iPTF13dcc,0,0,0,0,0,0
CSS141118:092034+504148,II P;PISN;II,0.0344,CSS141118:092034+504148;iPTF14hls;AT2016bse;Gaia16aog,63,0,0,0,0,1
CSS150120:053013-165338,II,0.02,CSS150120:053013-165338;Gaia15acg,0,0,0,0,0,0
CSS151120:044526-190158,Ia;Ia-91bg,0.073,CSS151120:044526-190158,1,0,0,0,0,0
DES14X3taz,SLSN-I;SLSN,0.608,DES14X3taz,2,0,0,0,0,0
DES15E2mlf,SLSN;SLSN-I,1.861,DES15E2mlf,3,0,0,0,0,0
DES17C1ald,Ia,0.14,DES17C1ald,1,0,0,0,0,0
DES17C1cpv,,,DES17C1cpv,0,0,0,0,0,0
DES17C1ffz,,,DES17C1ffz,0,0,0,0,0,0
DES17C2ou,,,DES17C2ou,0,0,0,0,0,0
DES17C3arf,,,DES17C3arf,0,0,0,0,0,0
DES17C3eg,Ia,0.117,DES17C3eg,0,0,0,0,0,0
DES17X1boj,,,DES17X1boj,0,0,0,0,0,0
DES17X2bef,,,DES17X2bef,0,0,0,0,0,0
Gaia14aat,Dwarf Nova;CV,,Gaia14aat,0,0,0,0,0,0
Gaia14abh,,0.2,Gaia14abh,0,0,0,0,0,0
Gaia14acp,Galaxy,0.12,Gaia14acp,0,0,0,0,0,0
Gaia14adq,,0.09,Gaia14adq,0,0,0,0,0,0
Gaia15aaf,II,,Gaia15aaf,0,0,0,0,0,0
Gaia15aai,AGN,0.11,Gaia15aai,0,0,0,0,0,0
Gaia15aam,Ib/c,0.05,Gaia15aam,0,0,0,0,0,0
Gaia15aav,II?;II,0.13,Gaia15aav,0,0,0,0,0,0
Gaia15abb,Ia,0.07,Gaia15abb;PS15nj,0,0,0,0,0,0
Gaia15abc,I,0.09,Gaia15abc,0,0,0,0,0,0
Gaia15aby,Ia,0.079,Gaia15aby;PS15abe,0,0,0,0,0,0
Gaia15abz,II,0.0251,Gaia15abz;iPTF15jg;PS15ed,1,0,0,0,0,0
Gaia15acp,,,Gaia15acp,0,0,0,0,0,0
Gaia15acv,,,Gaia15acv,0,0,0,0,0,0
Gaia15adn,Ia,0.04,Gaia15adn,0,0,0,0,0,0
Gaia15ads,,,Gaia15ads,0,0,0,0,0,0
Gaia15aek,II;II P,0.012,Gaia15aek,0,0,0,0,0,0
Gaia15agc,Ia,0.04,Gaia15agc,0,0,0,0,0,0
Gaia15agh,Ia,0.044,Gaia15agh;PSN J12040516+1404059,0,0,0,0,0,0
Gaia15agm,Ia,0.029,Gaia15agm,1,0,0,0,0,0
Gaia16aaf,,,Gaia16aaf;AT2016dbo,0,0,0,0,0,0
Gaia16aer,Candidate,,Gaia16aer;AT2016drt,0,0,0,0,0,0
Gaia16aew,Candidate,,Gaia16aew;AT2016drn,0,0,0,0,0,0
Gaia16afk,,,Gaia16afk;AT2016dsw,0,0,0,0,0,0
Gaia16afx,,,Gaia16afx;AT2016dsm,0,0,0,0,0,0
Gaia16ahz,Candidate,,Gaia16ahz;AT2016due,0,0,0,0,0,0
Gaia16ajq,AGN,,Gaia16ajq;AT2016dvz,0,0,0,0,0,0
Gaia16aqu,,,Gaia16aqu;AT2016ecc,0,0,0,0,0,0
Gaia16aye,CV;ULENS,,Gaia16aye;AT2016eta,0,0,0,0,0,0
Gaia16bnz,CV,,Gaia16bnz;AT2016hjn,0,0,0,0,0,0
Gaia17agy,CV;Variable Star,,Gaia17agy;AT2017abo,0,0,0,0,0,0
Gaia17aqu,,,Gaia17aqu;AT2017ceu,0,0,0,0,0,0
LSQ11bk,Ia;Ia,0.037,LSQ11bk,0,0,0,0,0,0
LSQ11ot,Ia;Ia,0.027,LSQ11ot,0,0,0,0,0,0
LSQ12agq,Ia;Ia,0.064,LSQ12agq,0,0,0,0,0,0
LSQ12aor,Ia;Ia,0.093,LSQ12aor,0,0,0,0,0,0
LSQ12bld,Ia;Ia,0.083,LSQ12bld,0,0,0,0,0,0
LSQ12blp,Ia;Ia;Ia Pec;Ia-91T,0.074,LSQ12blp;MLS120429:133606-113718,1,0,0,0,0,0
LSQ12btn,Ia;Ia,0.054,LSQ12btn,1,0,0,0,0,0
LSQ12ca,Ia;Ia,0.098,LSQ12ca,0,0,0,0,0,0
LSQ12cdl,Ia;Ia,0.111,LSQ12cdl,1,0,0,0,0,0
LSQ13dpa,II,0.023,LSQ13dpa,0,0,0,0,0,0
LSQ13ry,Ia;Ia,0.03,LSQ13ry,0,0,0,0,0,0
LSQ13vy,Ia;Ia,0.032,LSQ13vy;PS1-13cys,0,0,0,0,0,0
LSQ13zm,IIn;Impostor,0.029,LSQ13zm;iPTF13ajw,12,0,0,0,0,1
LSQ14an,SLSN-I;Ic;Ic BL,0.163,LSQ14an,27,0,0,0,0,1
LSQ14bdq,SLSN-I;I,0.345,LSQ14bdq,3,0,0,0,0,0
LSQ14gv,II,0.026362,LSQ14gv;PS1-14mc,1,0,0,0,0,0
LSQ14mo,SLSN-I;I,0.253,LSQ14mo,22,0,0,0,0,1
PS1-1000003,Ia;Ia,0.152,PS1-1000003;PS1-10c;PS1-103,0,0,0,0,0,0
PS1-1000004,Ia;Ia,0.231,PS1-1000004;PS1-10d;PS1-104,0,0,0,0,0,0
PS1-1000005,Ia;Ia,0.245,PS1-1000005;PS1-10e;PS1-105,0,0,0,0,0,0
PS1-1000007,Ia;Ia,0.137,PS1-1000007;PS1-10g;PS1-107,0,0,0,0,0,0
PS1-10acx,Ia;Ia,0.35,PS1-10acx,0,0,0,0,0,0
PS1-10aeq,Ia;Ia,0.066,PS1-10aeq,0,0,0,0,0,0
PS1-10agw,Ia;Ia,0.33,PS1-10agw,0,0,0,0,0,0
PS1-10aj,Ia;Ia,0.195,PS1-10aj,0,0,0,0,0,0
PS1-10awh,SLSN-I;SLSN-I,0.908;0.909,PS1-10awh,3,0,0,0,0,0
PS1-10ayb,Ia;Ia,0.14,PS1-10ayb,0,0,0,0,0,0
PS1-10bji,Ia;Ia,0.148,PS1-10bji,0,0,0,0,0,0
PS1-10bjn,Ia;Ia,0.29,PS1-10bjn,0,0,0,0,0,0
PS1-10bkf,Ia;Ia,0.172,PS1-10bkf,0,0,0,0,0,0
PS1-10bki,Ia;Ia,0.43,PS1-10bki,0,0,0,0,0,0
PS1-10bls,Ia;Ia,0.276,PS1-10bls,0,0,0,0,0,0
PS1-10bmk,Ia;Ia,0.103,PS1-10bmk,0,0,0,0,0,0
PS1-10byq,Ia;Ia,0.21,PS1-10byq,0,0,0,0,0,0
PS1-10bzj,SLSN-I,0.65,PS1-10bzj,4,0,0,0,0,1
PS1-10bzt,Ia;Ia,0.42;0.42,PS1-10bzt,0,0,0,0,0,0
PS1-10cad,Ia;Ia,0.27,PS1-10cad,0,0,0,0,0,0
PS1-10cbb,Ia;Ia,0.22,PS1-10cbb,0,0,0,0,0,0
PS1-10cbu,Ia;Ia,0.4,PS1-10cbu,0,0,0,0,0,0
PS1-10hu,Ia;Ia,0.126,PS1-10hu;PS1-1000251,0,0,0,0,0,0
PS1-10ia,Ia;Ia,0.409,PS1-10ia,0,0,0,0,0,0
PS1-10ig,Ia;Ia,0.26;0.26,PS1-10ig,0,0,0,0,0,0
PS1-10ik,Ia;Ia,0.23,PS1-10ik,0,0,0,0,0,0
PS1-10ir,Ia;Ia,0.25,PS1-10ir;PS1-1000252,0,0,0,0,0,0
PS1-10ix,Ia;Ia,0.381;0.381,PS1-10ix,0,0,0,0,0,0
PS1-10j,Ia;Ia,0.436,PS1-10j;PS1-1000010,0,0,0,0,0,0
PS1-10k,Ia;Ia,0.34,PS1-10k;PS1-1000011,0,0,0,0,0,0
PS1-10kv,Ia;Ia,0.53;0.53,PS1-10kv,0,0,0,0,0,0
PS1-10ky,SLSN-I;SLSN-I,0.956;0.956,PS1-10ky,4,0,0,0,0,1
PS1-10l,Ia;Ia,0.37;0.37,PS1-10l;PS1-1000012,0,0,0,0,0,0
PS1-10n,Ia;Ia,0.46,PS1-10n;PS1-1000014,0,0,0,0,0,0
PS1-10o,Ia;Ia,0.22,PS1-10o;PS1-1000015,0,0,0,0,0,0
PS1-10p,Ia;Ia,0.31,PS1-10p;PS1-1000016,0,0,0,0,0,0
PS1-10pm,SLSN-I,1.206,PS1-10pm,0,0,0,0,0,0
PS1-10w,Ia;Ia,0.031;0.031255,PS1-10w;PS1-1000023,0,0,0,0,0,0
PS1-11aea,Ia,0.3,PS1-11aea,0,0,0,0,0,0
PS1-11afv,SLSN-I,1.407;1.407,PS1-11afv,0,0,0,0,0,0
PS1-11aib,,1.0,PS1-11aib,0,0,0,0,0,0
PS1-11aij,Ia,0.51,PS1-11aij,0,0,0,0,0,0
PS1-11aj,Ia;Ia,0.106,PS1-11aj,0,0,0,0,0,0
PS1-11ajs,Ia,0.23,PS1-11ajs,0,0,0,0,0,0
PS1-11ala,Ia,0.37,PS1-11ala,0,0,0,0,0,0
PS1-11alv,Ia,0.145,PS1-11alv,0,0,0,0,0,0
PS1-11ap,SLSN-I,0.524;0.524,PS1-11ap,0,0,0,0,0,0
PS1-11bg,Ia;Ia,0.329,PS1-11bg,0,0,0,0,0,0
PS1-11bh,Ia;Ia,0.35;0.35,PS1-11bh,0,0,0,0,0,0
PS1-11cn,Ia;Ia,0.25;0.25,PS1-11cn,0,0,0,0,0,0
PS1-11e,Ia;Ia,0.32,PS1-11e,0,0,0,0,0,0
PS1-11fi,Ia;Ia,0.082,PS1-11fi,0,0,0,0,0,0
PS1-11iv,Ia;Ia,0.293,PS1-11iv,0,0,0,0,0,0
PS1-11mq,Ia;Ia,0.21,PS1-11mq,0,0,0,0,0,0
PS1-11mz,Ia;Ia,0.101,PS1-11mz,0,0,0,0,0,0
PS1-11p,Ia;Ia,0.48;0.48,PS1-11p,0,0,0,0,0,0
PS1-11sk,Ia;Ia,0.27,PS1-11sk,0,0,0,0,0,0
PS1-11t,Ia;Ia,0.45;0.45,PS1-11t,0,0,0,0,0,0
PS1-11uo,Ia;Ia,0.31,PS1-11uo,0,0,0,0,0,0
PS1-11uw,Ia;Ia,0.3,PS1-11uw,0,0,0,0,0,0
PS1-11w,Ia;Ia,0.174,PS1-11w,0,0,0,0,0,0
PS1-11xw,Ia;Ia,0.27;0.27,PS1-11xw,0,0,0,0,0,0
PS1-11yr,Ia;Ia,0.53;0.53,PS1-11yr,0,0,0,0,0,0
PS1-12bku,II P,0.096;0.096,PS1-12bku,0,0,0,0,1,1
PS1-12bqf,Ic,0.522,PS1-12bqf,0,0,0,0,0,0
PS1-12sk,Ibn;Ib,0.05402,PS1-12sk,5,0,0,0,0,1
PS1-13abg,II P,,PS1-13abg,0,0,0,0,0,0
PS1-13arp,II P;II,0.167;0.167,PS1-13arp,0,0,0,0,1,1
PS1-13baf,II P,,PS1-13baf,0,0,0,0,0,0
PS1-13bmf,,,PS1-13bmf,0,0,0,0,0,0
PS1-13bni,II P,,PS1-13bni,0,0,0,0,0,0
PS1-13gt,,0.884,PS1-13gt,0,0,0,0,0,0
PS1-13or,,,PS1-13or,0,0,0,0,0,0
PS1-13wr,II P,0.0767,PS1-13wr,0,0,0,0,1,1
PS1-14bj,SLSN-I,0.5215,PS1-14bj,10,0,0,0,0,1
PS1-14jb,CC,,PS1-14jb;Gaia15aat,0,0,0,0,0,0
PS15adh,Ia,0.102,PS15adh,0,0,0,0,0,0
PS15ahs,Ia,0.031,PS15ahs;Gaia15afd,0,0,0,0,0,0
PS15aii,Ia,0.046589,PS15aii;Gaia15afk,0,0,0,0,0,0
PS15ajh,II,0.03,PS15ajh;Gaia15afq,0,0,0,0,0,0
PS15akf,Ia,0.06,PS15akf;CSS150519:141711+072139,0,0,0,0,0,0
PS15aoq,Ia,0.020254,PS15aoq;PSN J16025128+4713292;PSN J16025128+471329,0,0,0,0,0,0
PS15aot,Ia;Ia-91bg,0.03,PS15aot;PSN J16283836+3932552;PSN J16283836+393255,0,0,0,0,0,0
PS15asb,Ia,0.03,PS15asb;CSS150619:142020-091803,0,0,0,0,0,0
PS15atx,Ia,0.072,PS15atx,0,0,0,0,0,0
PS15bbn,Ia,0.04,PS15bbn,0,0,0,0,0,0
PS15bdr,Ia,0.07,PS15bdr,0,0,0,0,0,0
PS15bif,Ia,,PS15bif,0,0,0,0,0,0
PS15bjg,Ia,0.0654,PS15bjg,0,0,0,0,0,0
PS15brr,Ia;Ia-91T,0.058,PS15brr;MASTER OT J235325.61-153917.6;PSN J23532561-1539176;MASTER OT JJ235325.61-153917.6;PSN J23532561-153917,0,0,0,0,0,0
PS15bsq,Ia,0.034,PS15bsq;CSS150918:234152-083816,0,0,0,0,0,0
PS15bst,Ia,0.09,PS15bst,0,0,0,0,0,0
PS15bwh,Ia,,PS15bwh,0,0,0,0,0,0
PS15bzz,Ia,0.08024,PS15bzz;CSS150918:003742+014547;iPTF15cpg,1,0,0,0,0,0
PS15cfn,Ia,0.11,PS15cfn,0,0,0,0,0,0
PS15cku,Ia,0.023,PS15cku;LSQ15bgi,0,0,0,0,0,0
PS15cms,Ia,0.065,PS15cms,0,0,0,0,0,0
PS15cut,Ia,0.0266,PS15cut;PSN J23523718+1433092;PSN J23523718+143309,0,0,0,0,0,0
PS15cwx,Ia;Ia-91T;I,0.046;0.055,PS15cwx,1,0,0,0,0,0
PS15cze,Ia,0.039,PS15cze,1,0,0,0,0,0
PS15mt,Ia,0.071,PS15mt;LSQ15xe,0,0,0,0,0,0
PS15sg,Ia,0.05,PS15sg;CSS150207:081700+511235;MASTER OT J081659.74+511233.7;Gaia15act;MASTER OT JJ081659.74+511233.7,0,0,0,0,0,0
PS15tb,Ia,0.0281,PS15tb;PSN J08593491+4555343;Gaia15acx;PSN J08593491+455534,1,0,0,0,0,0
PS16uv,CV?,,PS16uv;ASASSN-14lg;Gaia14adn,0,0,0,0,0,0
PS17tn,,,PS17tn,0,0,0,0,0,0
PS17yt,,,PS17yt,0,0,0,0,0,0
PSN J01534240+2956107,Ia,0.026,PSN J01534240+2956107,0,0,0,0,0,0
PSN J02524671+4656470,Ia,0.0281,PSN J02524671+4656470,0,0,0,0,0,0
PSN J20435314+1230304,Ia,0.0155,PSN J20435314+1230304,1,0,0,0,0,0
PSN J22223287-1852243,Ia,0.024,PSN J22223287-1852243;MASTER OT J222232.87-185224.3,0,0,0,0,0,0
PSN J23102264+0735202,Ia,0.046,PSN J23102264+0735202;PSN J23101633+0732493,1,0,0,0,0,0
PTF09atu,SLSN-I;Ic?,0.5015,PTF09atu,1,0,0,0,0,0
PTF09cnd,SLSN-I,0.2584,PTF09cnd,2,0,0,0,0,0
PTF10aagc,SLSN-I,0.206;0.206,PTF10aagc,1,0,0,0,0,0
PTF10bfz,SLSN-I;Ic BL,0.1701,PTF10bfz,1,0,0,0,0,0
PTF10fqs,LRN,,PTF10fqs,0,0,0,0,0,0
PTF10nmn,SLSN-I-R;SLSN-R,0.1237,PTF10nmn,1,0,0,0,0,0
PTF10uhf,SLSN-I;Ic,0.2882,PTF10uhf,1,0,0,0,0,0
PTF11cml,Ia;Ia,0.132,PTF11cml;PS1-11wv,0,0,0,0,0,0
PTF11dec,Ia;Ia,0.097,PTF11dec;PS1-11zd,1,0,0,0,0,0
PTF11kmb,Ib-Ca;Ib,0.017,PTF11kmb,2,0,0,0,0,0
PTF12bho,,,PTF12bho,0,0,0,0,0,0
PTF12csy,IIn,0.067,PTF12csy;PSO J104.6365+17.2622,2,0,0,0,0,0
PTF12dam,SLSN-I;SLSN-I-R;II,0.1073;0.1078,PTF12dam,19,0,0,0,0,1
PTF12gty,,,PTF12gty,0,0,0,0,0,0
PTF12gzk,Ic;Ic Pec,0.01377,PTF12gzk;LSQ12dwl;CSS120825:221242+003043;PS1-12baa,89,0,0,0,0,1
PTF12hni,,,PTF12hni,0,0,0,0,0,0
PTF12mxx,SLSN-I,0.3296,PTF12mxx,1,0,0,0,0,0
PTF13bdl,,,PTF13bdl,0,0,0,0,0,0
PTF13cjq,,,PTF13cjq,0,0,0,0,0,0
PTF13dcc,,,PTF13dcc,0,0,0,0,0,0
PTF13ehe,,,PTF13ehe,0,0,0,0,0,0
SN2003fg,Ia;Ia Pec,0.2437;0.2437,SN2003fg;SNLS-03D3bb;Champagne Supernova,1,0,0,0,0,0
SN2003fi,Ia,0.4607;0.4607,SN2003fi;SNLS-03D3cd,1,0,0,0,0,0
SN2003fj,Ia,0.4627;0.4627,SN2003fj;SNLS-03D3cc,1,0,0,0,0,0
SN2003fk,Ia,0.3553;0.3553,SN2003fk;SNLS-03D3bl,1,0,0,0,0,0
SN2003fn,Ia,0.2912;0.2912,SN2003fn;SNLS-03D3ba,1,0,0,0,0,0
SN2003fp,Ia,0.449;0.45;0.449,SN2003fp;SNLS-03D3aw,1,0,0,0,0,0
SN2003ha,Ia;Ia,0.285;0.285,SN2003ha;SNLS-03D4ag,2,0,0,0,0,0
SN2004dt,Ia;Ia-HV,0.01973;0.018812;0.01883;0.01973,SN2004dt;2MASS J02021234-0006020,69,0,1,0,0,1
SN2004ef,Ia;Ia-HV,0.029771;0.030985,SN2004ef;2MASS J22421053+1959489,29,0,1,1,0,1
SN2004eo,Ia,0.014734;0.015701,SN2004eo,25,0,1,1,0,1
SN2004ew,Ib,0.022,SN2004ew,0,0,0,0,0,0
SN2004ex,II;IIb,0.018,SN2004ex,0,0,1,0,0,1
SN2004ey,Ia,0.014627;0.015786,SN2004ey,7,0,0,1,0,1
SN2004fe,Ic,0.018;0.018,SN2004fe,12,0,1,0,0,1
SN2004ff,IIb;Ic,0.023,SN2004ff,1,0,1,0,0,1
SN2004gc,Ia,0.030715;0.032089,SN2004gc,6,0,0,0,0,1
SN2004gq,Ib,0.006468,SN2004gq,30,0,1,0,0,1
SN2004gs,Ia,0.027498;0.026645,SN2004gs;2MASS J08382385+1737528,13,0,0,0,0,1
SN2004gt,Ic;Ib/c,0.005477,SN2004gt,14,0,1,0,0,1
SN2004gu,Ia Pec;Ia,0.045858;0.046897;0.045859,SN2004gu,2,0,0,1,0,1
SN2004gv,Ib;Ib/c,0.02;0.02,SN2004gv,5,0,1,0,0,1
SN2005A,Ia,0.01914;0.01834;0.01835;0.01914,SN2005A;JCMTSE J023043.0-025614;JCMTSF J023043.0-025614,13,0,0,0,0,1
SN2005M,Ia;Ia-91T,0.022972;0.022012,SN2005M,34,0,1,1,0,1
SN2005Q,II,0.022,SN2005Q,0,0,0,0,0,0
SN2005W,Ia,0.008889,SN2005W,4,0,0,0,0,1
SN2005ag,Ia,0.079402,SN2005ag,5,0,0,0,0,1
SN2005al,Ia,0.013286;0.012402,SN2005al;2MASS J13500149-3034422,7,0,0,0,0,1
SN2005am,Ia,0.007899;0.008967;0.007899,SN2005am,32,0,0,0,0,1
SN2005aw,Ic,0.0095,SN2005aw,0,0,0,0,0,0
SN2005be,Ia,0.035001,SN2005be,7,0,0,1,0,1
SN2005bf,Ib;Ib/c,0.018913,SN2005bf,33,0,1,0,0,1
SN2005bg,Ia,0.024159;0.023086,SN2005bg;2MASS J12171723+1622174,3,0,0,0,0,0
SN2005bj,Ic,0.022;0.022,SN2005bj,1,0,0,0,0,0
SN2005bl,Ia Pec;Ia-91bg;Ia,0.02406;0.025112;0.02513;0.02406,SN2005bl,23,0,0,0,0,1
SN2005bo,Ia,0.015013;0.013896,SN2005bo,5,0,0,1,0,1
SN2005el,Ia,0.014885;0.01491,SN2005el,17,0,0,1,0,1
SN2005em,IIb;Ic;II,0.02517;0.0252,SN2005em;SDSS-II SN 4012,0,0,0,0,0,0
SN2005eq,Ia;Ia-91T;Ia Pec,0.028351;0.028977,SN2005eq,20,0,0,1,0,1
SN2005hc,Ia,0.044983,SN2005hc;SDSS-II SN 5944,8,0,0,1,0,1
SN2005hj,Ia;Ia-91T,0.056948,SN2005hj;SDSS-II SN 6558,11,0,0,1,0,1
SN2005ip,II;IIn,0.007138,SN2005ip,27,0,0,0,0,1
SN2005iq,Ia,0.032929;0.034043,SN2005iq,4,0,0,1,0,1
SN2005ir,Ia,0.075254,SN2005ir;SDSS-II SN 7876,0,0,0,0,0,0
SN2005kc,Ia,0.01512;0.01389;0.01512,SN2005kc,12,0,0,1,0,1
SN2005ke,Ia Pec;Ia-91bg;Ia,0.00488;0.004483;0.00449;0.00488,SN2005ke,30,0,0,0,0,1
SN2005ki,Ia,0.019207,SN2005ki;2MASS J10402835+0910571,9,0,0,1,0,1
SN2005ku,Ia,0.045248,SN2005ku;2MASS J22594265-0000485;SDSS-II SN 10805,3,0,0,0,0,0
SN2005ky,Ia,0.149;0.148;0.148;0.149,SN2005ky;SNLS-05D1hn,3,0,0,0,0,0
SN2005lu,Ia,0.031293;0.032009,SN2005lu,12,0,0,1,0,1
SN2005mc,Ia,0.026006;0.025221,SN2005mc,4,0,0,1,0,1
SN2005na,Ia,0.026815;0.026322,SN2005na,20,0,0,1,0,1
SN2006D,Ia,0.008529;0.009641;0.008526,SN2006D,31,0,0,0,0,1
SN2006T,IIb;II,0.0081;0.0073,SN2006T,7,0,0,0,0,1
SN2006X,Ia;Ia-HV,0.00524;0.006322;0.00524;0.00357;0.00633,SN2006X,85,0,0,0,0,1
SN2006ax,Ia,0.016725,SN2006ax,15,0,0,1,0,1
SN2006ba,II;IIb,0.019;0.019,SN2006ba,1,0,0,0,0,0
SN2006bd,Ia Pec;Ia,0.026797;0.025724,SN2006bd,1,0,0,0,0,0
SN2006bf,IIb;Ib,0.024;0.024,SN2006bf,1,0,0,0,0,0
SN2006bh,Ia,0.010493;0.010847;0.010493,SN2006bh,2,0,0,1,0,1
SN2006br,Ia;Ia-HV,0.02459;0.025523;0.02459;0.02554,SN2006br,5,0,0,0,0,1
SN2006bt,Ia Pec;Ia,0.032156,SN2006bt,14,0,0,0,0,1
SN2006ef,Ia,0.017006;0.017884,SN2006ef,7,0,0,1,0,1
SN2006ej,Ia,0.019333;0.020452,SN2006ej,8,0,0,1,0,1
SN2006ep,Ib;Ib/c,0.015,SN2006ep,5,0,0,0,0,1
SN2006eq,Ia,0.048358;0.049509,SN2006eq;SDSS-II SN 12780,3,0,0,1,0,1
SN2006et,Ia,0.021178;0.022172,SN2006et,12,0,0,1,0,1
SN2006ev,Ia,0.02873;0.027599;0.02762;0.02873,SN2006ev,7,0,0,1,0,1
SN2006fo,Ib;Ic,0.020709,SN2006fo;SDSS-II SN 13195,7,0,0,0,0,1
SN2006fw,Ia,0.081986;0.08204,SN2006fw;2MASS J01471032-0008488;SDSS-II SN 12898,5,0,0,0,0,1
SN2006gj,Ia,0.02829;0.02775;0.02777;0.02835,SN2006gj,11,0,0,0,0,1
SN2006gt,Ia Pec;Ia-91bg;Ia,0.044771;0.043641;0.044771,SN2006gt,9,0,0,1,0,1
SN2006hb,Ia;Ia-91bg,0.015337;0.015344,SN2006hb,23,0,0,1,0,1
SN2006hx,Ia,0.044404;0.04444;0.04549,SN2006hx;2MASS J01135719+0022172;SDSS-II SN 14279,3,0,0,0,0,0
SN2006ir,Ib/c,0.02;0.02,SN2006ir;SNF20060923-004,0,0,0,0,0,0
SN2006is,Ia,0.031421;0.031421,SN2006is,19,0,0,1,0,1
SN2006jd,IIn;II,0.01855;0.018553,SN2006jd,18,0,0,0,0,1
SN2006kf,Ia,0.020799;0.021301,SN2006kf,12,0,0,0,0,1
SN2006lc,Ib;Ic;Ib/c,0.016104,SN2006lc;SDSS-II SN 15475,5,0,0,0,0,1
SN2006lu,Ia,0.0481889,SN2006lu,4,0,0,1,0,1
SN2006mr,Ia Pec;Ia,0.005508;0.005508,SN2006mr,15,0,0,0,0,1
SN2006ob,Ia,0.059238;0.058254;0.059239,SN2006ob;2MASS J01514850+0015499;SDSS-II SN 16392,6,0,0,1,0,1
SN2006os,Ia,0.032081;0.032809,SN2006os,4,0,0,0,0,1
SN2006ot,Ia Pec;Ia-HV;Ia,0.05294;0.052155;0.05219;0.05294,SN2006ot,6,0,0,0,0,1
SN2006py,Ia,0.056643,SN2006py;2MASS J22414204-0008134;SDSS-II SN 14318,4,0,0,1,0,1
SN2007A,Ia,0.016463;0.01648;0.01765,SN2007A,13,0,0,1,0,1
SN2007C,Ib,0.005611,SN2007C,14,0,0,0,0,1
SN2007N,Ia Pec;Ia,0.012879,SN2007N,7,0,0,0,0,1
SN2007S,Ia;Ia-91T,0.01388;0.015024;0.01388;0.01503,SN2007S,34,0,0,0,0,1
SN2007Y,Ib;Ib Pec;Ib/c,0.0046;0.0046,SN2007Y,13,0,0,0,0,1
SN2007af,Ia,0.005464;0.005464,SN2007af,53,0,0,0,0,1
SN2007ag,Ib,0.0207,SN2007ag,2,0,0,0,0,0
SN2007ai,Ia,0.031987;0.031662;0.031987,SN2007ai,5,0,0,0,0,1
SN2007as,Ia,0.017896;0.017896,SN2007as,4,0,0,0,0,1
SN2007ax,Ia Pec;Ia-91bg;Ia,0.006861;0.007638,SN2007ax,8,0,0,0,0,1
SN2007ba,Ia Pec;Ia-91bg;Ia,0.038513;0.039055;0.038513,SN2007ba;2MASS J15164181+0723489,8,0,0,0,0,1
SN2007bc,Ia,0.02077;0.021851;0.02077,SN2007bc;2MASS J11191662+2048487,13,0,0,1,0,1
SN2007bd,Ia;Ia-HV,0.031939;0.031018,SN2007bd;2MASS J08313287-0111520,12,0,0,1,0,1
SN2007bm,Ia,0.006211;0.007441;0.006211,SN2007bm,17,0,0,0,0,1
SN2007ca,Ia,0.014066,SN2007ca,14,0,0,1,0,1
SN2007hn,Ib/c,0.03;0.03,SN2007hn;SNF20070831-017,0,0,0,0,0,0
SN2007hx,Ia,0.078873;0.079443,SN2007hx;SDSS-II SN 17186,0,0,0,0,0,0
SN2007if,Ia Pec;Ia,0.073092,SN2007if;SNF20070825-001,34,0,0,0,0,1
SN2007jg,Ia;Ia-HV,0.036577;0.03713,SN2007jg;SDSS-II SN 17784,11,0,0,0,0,1
SN2007jh,Ia,0.040264;0.04029,SN2007jh;2MASS J03360157+0106168;SDSS-II SN 17886,2,0,0,0,0,0
SN2007kj,Ib;Ib/c,0.0179,SN2007kj,3,0,0,0,0,0
SN2007le,Ia;Ia-HV,0.006721;0.005522,SN2007le,58,0,0,0,0,1
SN2007mm,Ia,0.066;0.068921;0.067,SN2007mm;SDSS-II SN 18890,0,0,0,0,0,0
SN2007nq,Ia,0.043904;0.04393;0.04503,SN2007nq,16,0,0,1,0,1
SN2007on,Ia,0.006494;0.006182,SN2007on,32,0,0,0,0,1
SN2007rz,Ic,0.013;0.013,SN2007rz,2,0,0,0,0,0
SN2008C,Ia,0.017067;0.016621,SN2008C,23,0,0,1,0,1
SN2008R,Ia;Ia-91bg,0.012887,SN2008R,9,0,0,0,0,1
SN2008aq,IIb;II,0.008;0.008,SN2008aq;CSS080404:125030-105201,8,0,0,0,0,1
SN2008bc,Ia,0.015707;0.015707,SN2008bc,11,0,0,0,0,1
SN2008bq,Ia,0.034436;0.034436,SN2008bq,4,0,0,1,0,1
SN2008fp,Ia,0.006287;0.005664,SN2008fp,21,0,0,0,0,1
SN2008gc,Ib/c,0.055;0.055,SN2008gc,0,0,0,0,0,0
SN2008gp,Ia,0.032824;0.032824,SN2008gp,4,0,0,1,0,1
SN2008hh,Ic,0.0194,SN2008hh,0,0,0,0,0,0
SN2008hv,Ia,0.013581;0.012549,SN2008hv,15,0,0,1,0,1
SN2008ia,Ia,0.022597,SN2008ia,11,0,0,0,0,1
SN2009F,Ia Pec;Ia,0.012909;0.012909,SN2009F,8,0,0,0,0,1
SN2009K,II;IIb,0.0117,SN2009K,0,0,0,0,0,0
SN2009Z,II;II Pec?;IIb,,SN2009Z,0,0,0,0,0,0
SN2009bb,Ic BL;Ic,0.0104,SN2009bb;2MASS J10313391-3957282,11,0,0,0,0,1
SN2009ca,Ic,0.0899,SN2009ca,0,0,0,0,0,0
SN2009cb,SLSN-I;Ia,0.1867,SN2009cb;CSS090319:125916+271641;PTF09as,1,0,0,0,0,0
SN2009dc,Ia Pec;Ia;Ia-SC,0.02158,SN2009dc,43,0,0,0,0,1
SN2009dp,Ic,0.0232,SN2009dp,0,0,0,0,0,0
SN2009dt,Ic,0.0104,SN2009dt;2MASS J22100917-3605442,0,0,0,0,0,0
SN2009kv,Ia;Ia,0.32;0.32,SN2009kv;PS1-0910017;PS0910017;PS1-9100017,0,0,0,0,0,0
SN2009kz,Ia;Ia,0.265;0.27,SN2009kz;PS1-0910018;PS0910018;PS1-9100018,0,0,0,0,0,0
SN2010ap,Ia;Ia,0.14;0.14;0.14,SN2010ap;PS1-10z;PS1-1000026;PS1-1000031,0,0,0,0,0,0
SN2010ar,Ia;Ia,0.098,SN2010ar;PS1-10v;PS1-1000022,0,0,0,0,0,0
SN2010bb,Ia;Ia,0.118;0.12;0.118,SN2010bb;PS1-10r;PS1-1000018,0,0,0,0,0,0
SN2010bc,Ia;Ia,0.244;0.24;0.244,SN2010bc;PS1-10af;PS1-1000032,0,0,0,0,0,0
SN2010dm,Ia;Ia,0.0328;0.0337,SN2010dm;PTF10hmv;CSS100604:121133+471629;PS1-10nq,4,0,0,0,0,1
SN2010et,Ib-Ca,0.023,SN2010et;CSS100616:171654+313351;PTF10iuv,7,0,0,0,0,1
SN2010fb,Ia;Ia,0.336;0.34;0.336,SN2010fb;PS1-10jt;PS1-1000280,0,0,0,0,0,0
SN2010fc,Ia;Ia,0.233;0.23;0.233,SN2010fc;PS1-10ji;PS1-1000269,0,0,0,0,0,0
SN2010fe,Ia;Ia,0.43;0.43,SN2010fe;PS1-10jk;PS1-1000271,0,0,0,0,0,0
SN2010fh,Ia;Ia,0.387;0.39;0.387,SN2010fh;PS1-1000276;PS1-10jp,0,0,0,0,0,0
SN2010fi,Ia;Ia,0.331;0.33;0.331,SN2010fi;PS1-10kd;PS1-1000290,0,0,0,0,0,0
SN2010fm,Ia;Ia,0.36;0.36;0.36,SN2010fm;PS1-10jv;PS1-1000282,0,0,0,0,0,0
SN2010fo,Ia;Ia,0.347;0.35;0.347,SN2010fo;PS1-10kc;PS1-1000289,0,0,0,0,0,0
SN2010fq,Ia;Ia,0.379;0.38;0.36;0.379;0.36,SN2010fq;PS1-1000295;PS1-10ki;SN2010fl;PS1-1000283;PS1-10jw,0,0,0,0,0,0
SN2010fs,Ia;Ia,0.441;0.441;0.443,SN2010fs;PS1-10kl;PS1-1000298,0,0,0,0,0,0
SN2010gx,SLSN-I;Ic,0.2297,SN2010gx;CSS100313:112547-084941;PS1-1000037;PTF10cwr,8,0,0,0,0,1
SN2010gy,Ia;Ia,0.0696;0.0708;0.0722,SN2010gy;PTF10qyx;PS1-10nu;PS1-1000385;PTF10qyz,2,0,0,0,0,0
SN2010id,II;II P,0.0165,SN2010id;PTF10vdl;CSS100930:230549+033121,4,0,0,0,0,1
SN2010mb,Ic;Ic BL,0.1325;0.1325,SN2010mb;PTF10iue,6,0,0,0,0,1
SN2010md,SLSN-I;Ic;Ib/c,0.0987;0.0985,SN2010md;PSO J249.4461+06.2081;PTF10hgi,3,0,0,0,0,0
SN2011jq,Ia;Ia;Ia Pec,0.033,SN2011jq;LSQ11pn;PSN J05164155+0629302,0,0,0,0,0,0
SN2011ke,SLSN-I;Ic,0.1428,SN2011ke;CSS110406:135058+261642;PS1-11xk;PTF11dij,8,0,0,0,0,1
SN2011kf,Ic;SLSN-I,0.245;0.245,SN2011kf;CSS111230:143658+163057,2,0,0,0,0,0
SN2011kg,SLSN-I;I Pec;Ic,0.1924,SN2011kg;PTF11rks,5,0,0,0,0,1
SN2012P,Ib/c;IIb,0.004533;0.004479,SN2012P;PSN J14595904+0153251;PTF12os,1,0,0,0,0,0
SN2012aw,II P,0.002595,SN2012aw;PSN J10435372+1140177;PTF12bvh,49,0,0,0,0,1
SN2012il,SLSN-I;Ic,0.175;0.175,SN2012il;CSS120121:094613+195028;PS1-12fo,7,0,0,0,0,1
SN2013ab,II P;II,0.00532,SN2013ab;iPTF13ut;PSN J14324449+0953123;CSS130307:143244+095312,2,0,0,0,0,0
SN2013ai,II,0.009,SN2013ai;PSN J06161835-2122329,22,0,0,0,0,1
SN2013am,II;II P,0.002692,SN2013am;iPTF13aaz;PSN J11185695+1303494,29,0,0,0,0,1
SN2013bu,II;II P,0.002722,SN2013bu;PSN J22370217+3424052,1,0,0,0,0,0
SN2013cs,Ia;Ia,0.009,SN2013cs;SNhunt196;LSQ13aiz;SSS130514:131515-175756;PSN J13151481-1757556;CSS130614:131515-175756,6,0,0,0,0,1
SN2013cv,Ia-91T;Ia;Ia Pec,0.035,SN2013cv;CSS130513:162243+185735;iPTF13asv;PTF13asv;PSN J16224316+1857356,1,0,0,0,0,0
SN2013dg,SLSN-I;Ic;Ic Pec,0.265,SN2013dg;CSS130530:131841-070443;MLS130517:131841-070443,6,0,0,0,0,1
SN2013dr,Ia,0.016835,SN2013dr;ASASSN-13aw;PSN J17193026+4742046,1,0,0,0,0,0
SN2013ej,II P;II;IIP/IIL,0.002192,SN2013ej;PSN J01364816+1545310,114,0,0,0,0,1
SN2013fs,II P;IIn,0.011855,SN2013fs;CSS131009:231945+101105;iPTF13dqy;PSN J23194467+1011045;PS1-13dpe;PSN J23194467+101104,24,0,0,0,0,1
SN2013gh,Ia,0.0088,SN2013gh;PSN J22022184-1855004;PS1-13dwt;PSN J22022184-185500,5,0,0,0,0,1
SN2013hy,SLSN-I;Ia Pec;I,0.663;0.663,SN2013hy;DES13S2cmm,1,0,0,0,0,0
SN2014cx,II P;II,0.00549,SN2014cx;ASASSN-14gm;PSN J00594783-0734186,4,0,0,0,0,1
SN2014cy,II P;II,0.005547,SN2014cy;PSN J23441603+1046125,1,0,0,0,0,0
SN2014dw,II,0.008152,SN2014dw;PSN J11104841-3727022,0,0,0,0,0,0
SN2015I,Ia,0.007589,SN2015I;PSN J07174570+2320406;PSN J07174570+232040,0,0,0,0,0,0
SN2015M,Ia-91T;Ia Pec;Ia,0.023,SN2015M;CSS150521:130032+275841;PSN J13003230+2758411;KISS15n;PS15apc;PSN J13003230+275841,0,0,0,0,0,0
SN2015W,II;II P,0.013,SN2015W;PSN J06574303+1334457,1,0,0,0,0,0
SN2015ar,Ia,0.017,SN2015ar;PSN J01072038+3223598;CSS151130:010720+322359,1,0,0,0,0,0
SN2015az,Ia,0.02,SN2015az;PSN J03094251+4058293;PS15dqn;PSN J03094251+405829,1,0,0,0,0,0
SN2015bw,Ia,0.03,SN2015bw;PSN J13332289+5843315;Gaia15ael;CSS150325:133323+584331;AT2015bw,0,0,0,0,0,0
SN2016E,Ia,0.055;0.055,SN2016E;PS16n;AT2016E,1,0,0,0,0,0
SN2016F,Ia,0.016138;0.016138,SN2016F;ASASSN-16ad;AT2016F;CSS160204:013932+334936,2,0,0,0,0,0
SN2016H,Ia,0.046;0.046;0.046,SN2016H;PS16fa;AT2016H,1,0,0,0,0,0
SN2016J,Ia,0.0285,SN2016J;PS15dpl;ASASSN-16ah;AT2016J,1,0,0,0,0,0
SN2016K,Ia,0.030745;0.030745,SN2016K;ASASSN-16aj;AT2016K;PS16rs,1,0,0,0,0,0
SN2016W,Ia,0.0192;0.0192,SN2016W;PSN J02303969+4214089;AT2016W,1,0,0,0,0,0
SN2016ac,Ia,0.025668;0.025668;0.025668,SN2016ac;ASASSN-16av;AT2016ac,1,0,0,0,0,0
SN2016acs,Ia,0.056;0.056,SN2016acs;PS16aer;AT2016acs,0,0,0,0,0,0
SN2016aew,Ia,0.025001;0.0204,SN2016aew;AT2016aew;ASASSN-16bq,1,0,0,0,0,0
SN2016aex,Ia,0.02852;0.02852,SN2016aex;AT2016aex;ASASSN-16br,1,0,0,0,0,0
SN2016afb,Ia,0.066;0.066;0.065,SN2016afb;PS16acs;AT2016afb;CSS160129:074030+105600,1,0,0,0,0,0
SN2016afk,Ia,0.045;0.045,SN2016afk;PS PS16agp;AT2016afk;PS16agp;iPTF16fc,1,0,0,0,0,0
SN2016ah,Ia,0.05;0.05,SN2016ah;PS16pp;AT2016ah;PS16el,2,0,0,0,0,0
SN2016ai,Ia;Ia-91T,0.09;0.09,SN2016ai;PS16ez;AT2016ai,1,0,0,0,0,0
SN2016ajf,Ia;Ia-91bg,0.0203;0.0203,SN2016ajf;AT2016ajf,1,0,0,0,0,0
SN2016ajl,Ia,0.07;0.07,SN2016ajl;AT2016ajl,1,0,0,0,0,0
SN2016alt,Ia,0.09;0.09,SN2016alt;PS16amf;AT2016alt,1,0,0,0,0,0
SN2016aqa,Ia,0.052;0.052,SN2016aqa;LSQ16sf;AT2016aqa,1,0,0,0,0,0
SN2016aqb,Ia,0.063;0.063,SN2016aqb;LSQ16te;AT2016aqb;CSS160307:112158-135860,1,0,0,0,0,0
SN2016aqp,II P,0.016;0.016,SN2016aqp;AT2016aqp;Gaia16agj,1,0,0,0,0,0
SN2016aqs,Ia,0.03,SN2016aqs;Gaia16agf;AT2016aqs;PS16aro,0,0,0,0,0,0
SN2016aqt,Ia;Ia Pec,0.05;0.05,SN2016aqt;PS16asv;AT2016aqt;CSS160307:134551+264747,2,0,0,0,0,0
SN2016aqz,Ia,0.026658;0.026658,SN2016aqz;ASASSN-16ch;AT2016aqz;PS16brh,1,0,0,0,0,0
SN2016arc,Ia,0.012725;0.012725,SN2016arc;ASASSN-16ci;AT2016arc,1,0,0,0,0,0
SN2016asf,Ia,0.0113,SN2016asf;AT2016asf;ASASSN-16cs;ATLAS 16aep,1,0,0,0,0,0
SN2016aud,Ia-91T;Ia,0.041934;0.041934,SN2016aud;ASASSN-16ct;AT2016aud,1,0,0,0,0,0
SN2016axb,Ia,0.03922,SN2016axb;PS16axi;AT2016axb,0,0,0,0,0,0
SN2016axw,Ia,0.054,SN2016axw;MASTER OT J142718.40-014031.0;AT2016axw;PS16ayd;MASTER OT JJ142718.40-014031.0,0,0,0,0,0,0
SN2016ayf,Ia,0.034811;0.034811,SN2016ayf;ASASSN-16cy;AT2016ayf,1,0,0,0,0,0
SN2016ayg,Ia,0.046;0.046,SN2016ayg;PTSS 16hs;AT2016ayg;PTSS-16hs;Gaia16ahw,1,0,0,0,0,0
SN2016baq,Ia,0.034787;0.034787,SN2016baq;SNhunt313;AT2016bcy;AT2016baq;ASASSN-16db;SN2016bcy,0,0,0,0,0,0
SN2016bew,Ia,0.054;0.054,SN2016bew;PS16bby;LSQ16acz;AT2016bew,2,0,0,0,0,0
SN2016bey,Ia,0.073;0.073,SN2016bey;ATLAS16ahj;AT2016bey,1,0,0,0,0,0
SN2016bfc,Ia,0.05;0.05,SN2016bfc;ATLAS16agv;AT2016bfc,1,0,0,0,0,0
SN2016bkw,Ia,0.077,SN2016bkw;Gaia16acv;AT2016bkw;PS16aqu,0,0,0,0,0,0
SN2016blc,Ia,0.012;0.012,SN2016blc;Gaia16ane;AT2016blc;CSS160404:104849-201550;ASASSN-16dn;PS16brg,1,0,0,0,0,0
SN2016blh,Ia,0.0238;0.0238,SN2016blh;PTSS-16cfg;AT2016blh;PS16boq,1,0,0,0,0,0
SN2016blj,Ia,0.034657;0.034657,SN2016blj;AT2016blj;ASASSN-16dw;PS16cce,1,0,0,0,0,0
SN2016blm,Ia,0.03;0.03,SN2016blm;LSQ16ahs;AT2016blm;PS16bom,1,0,0,0,0,0
SN2016bln,Ia-91T,0.023279,SN2016bln;iPTF16abc;AT2016bln;MASTER OT J133445.47+135113.8;PS16brj;CSS160417:133446+135114,0,0,0,0,0,0
SN2016bmc,Ia,0.028016;0.028016;0.028016,SN2016bmc;ASASSN-16ej;AT2016bmc,1,0,0,0,0,0
SN2016bmh,Ia,0.0234;0.0234,SN2016bmh;ASASSN-16em;AT2016bmh,1,0,0,0,0,0
SN2016bpb,Ia,0.06,SN2016bpb;PS16bnz;AT2016bpb,0,0,0,0,0,0
SN2016cby,Ia,0.024917;0.024917,SN2016cby;ASASSN-16et;AT2016cby;iPTF16aiw,1,0,0,0,0,0
SN2016ccj,Ia Pec;Ia-09dc,0.0418,SN2016ccj;Gaia16arz;AT2016ccj;ASASSN-16ex;CSS160513:171024+262348,10,0,0,0,0,1
SN2016cck,Ia,0.037;0.037,SN2016cck;PTSS-16efw;AT2016cck,1,0,0,0,0,0
SN2016ccz,Ia,0.0149,SN2016ccz;Gaia16aqm;AT2016ccz;iPTF16auf;PS16cpd,1,0,0,0,0,0
SN2016cob,Ia-91T,0.02961;0.02961,SN2016cob;ASASSN-16fo;AT2016cob,0,0,0,0,0,0
SN2016coj,Ia,0.004483;0.004483,SN2016coj;Gaia16asr;AT2016coj;KAIT-16X;AT2016cop,2,0,0,0,0,0
SN2016cor,Ia,0.049;0.049,SN2016cor;PS16crs;AT2016cor;iPTF16azq,2,0,0,0,0,0
SN2016cpy,Ia,0.02909,SN2016cpy;SNhunt317;AT2016cpy;ASASSN-16fs;AT2016cqi,1,0,0,0,0,0
SN2016cqt,Ia-91bg,0.044,SN2016cqt;AT2016cqt;PS16cqa,0,0,0,0,0,0
SN2016cuv,Ia,0.081;0.081,SN2016cuv;iPTF16bfs;AT2016cuv,1,0,0,0,0,0
SN2016cvn,Ia,0.013896,SN2016cvn;ATLAS16bdg;AT2016cvn,0,0,0,0,0,0
SN2016cvv,Ia,0.044571,SN2016cvv;PTSS-16ijc;AT2016cvv;PS16cyd,1,0,0,0,0,0
SN2016cvw,Ia,0.038877,SN2016cvw;PTSS-16ipw;AT2016cvw,0,0,0,0,0,0
SN2016cxb,Ia,0.0293,SN2016cxb;PS16cvc;AT2016cxb;MASTER OT J211223.35+144645.1,2,0,0,0,0,0
SN2016cyt,Ia,0.030374,SN2016cyt;PS16dst;AT2016cyt,1,0,0,0,0,0
SN2016czc,Ia-91T;Ia,0.050972;0.050972,SN2016czc;ASASSN-16hc;AT2016czc,1,0,0,0,0,0
SN2016dri,II,0.019,SN2016dri;AT2016dri;Gaia16aea,1,0,0,0,0,0
SN2016drl,IIn,0.061,SN2016drl;AT2016drl;Gaia16aec,0,0,0,0,0,0
SN2016dsn,Ia-91T;Ia,0.03561;0.03561,SN2016dsn;AT2016dsn;Gaia16afu;ASASSN-15tg,1,0,0,0,0,0
SN2016dsy,Ia,0.055,SN2016dsy;AT2016dsy;Gaia16afj,1,0,0,0,0,0
SN2016dxe,Ia,0.076,SN2016dxe;Gaia16aki;AT2016dxe,0,0,0,0,0,0
SN2016dxv,Ia,0.02,SN2016dxv;AT2016dxv;PS16ccn;Gaia16alq,0,0,0,0,0,0
SN2016eay,SLSN-I;SLSN,0.1013,SN2016eay;AT2016eay;Gaia16apd,24,0,0,0,0,1
SN2016eee,Ia,0.026,SN2016eee;CSS160428:132307+523857;AT2016eee;Gaia16ash,0,0,0,0,0,0
SN2016ei,Ia,0.0704;0.0704,SN2016ei;PS16em;AT2016ei,1,0,0,0,0,0
SN2016eja,Ia,0.024,SN2016eja;Gaia16azu;AT2016eja;ASASSN-16hr;iPTF16btg,1,0,0,0,0,0
SN2016eky,Ia,0.056;0.056,SN2016eky;PS16dnp;AT2016eky;MASTER OT J225939.54+020859.6;CSS160904:225940+020859,1,0,0,0,0,0
SN2016enx,Ia;Ia-91T,0.078;0.078,SN2016enx;ATLAS16bwu;AT2016enx,1,0,0,0,0,0
SN2016eoa,Ia,0.021,SN2016eoa;Gaia16bay;AT2016eoa;PS16env,0,0,0,0,0,0
SN2016eqb,Ia,0.025308;0.025308,SN2016eqb;ASASSN-16hz;AT2016eqb,0,0,0,0,0,0
SN2016esh,Ia,0.04452;0.04452,SN2016esh;Gaia16bhs;AT2016esh;ASASSN-16ie,1,0,0,0,0,0
SN2016etf,Ia,0.057;0.057,SN2016etf;AT2016etf;PS16drf,1,0,0,0,0,0
SN2016euj,Ia,0.017008;0.017008,SN2016euj;ASASSN-16ip;AT2016euj,1,0,0,0,0,0
SN2016ews,Ia,0.046,SN2016ews;Gaia16bby;AT2016ews,0,0,0,0,0,0
SN2016fbk,Ia,0.035865;0.035865,SN2016fbk;AT2016fbk,1,0,0,0,0,0
SN2016fbo,Ia,0.034;0.034,SN2016fbo;Gaia16bba;AT2016fbo;CSS160829:010136+170605;MLS160905:010136+170605,1,0,0,0,0,0
SN2016fff,Ia,0.011441;0.011441;0.011441,SN2016fff;ASASSN-16jf;AT2016fff;PS16eqt,1,0,0,0,0,0
SN2016ffh,Ia,0.018204,SN2016ffh;Gaia16bcm;AT2016ffh;ATLAS16cpu,2,0,0,0,0,0
SN2016gfr,Ia,0.014;0.014,SN2016gfr;AT2016gfr,1,0,0,0,0,0
SN2016ghq,Ia,0.021,SN2016ghq;AT2016ghq,0,0,0,0,0,0
SN2016gkg,IIb;II,0.0049;0.00492;0.0049,SN2016gkg;AT2016gkg;ATLAS16cvu;PS16eor;Gaia16buw,2,0,0,0,0,0
SN2016gkt,Ia,0.051;0.051,SN2016gkt;PS16ejh;AT2016gkt,1,0,0,0,0,0
SN2016glp,Ia,0.087;0.087,SN2016glp;PS16ejp;AT2016glp,1,0,0,0,0,0
SN2016glz,Ia,0.02;0.02,SN2016glz;iPTF16glz;AT2016glz;CSS160922:000554+082548,1,0,0,0,0,0
SN2016gmb,Ia,0.058;0.058,SN2016gmb;PTSS-16oqc;AT2016gmb,1,0,0,0,0,0
SN2016gmg,Ia,0.049;0.049;0.049,SN2016gmg;Gaia16bky;AT2016gmg;PTSS-16opy,1,0,0,0,0,0
SN2016gou,Ia,0.016;0.016,SN2016gou;ATLAS16cxr;AT2016gou,1,0,0,0,0,0
SN2016grz,Ia,0.087;0.087,SN2016grz;AT2016grz,2,0,0,0,0,0
SN2016gsn,Ia,0.0164,SN2016gsn;ASASSN-16la;AT2016gsn;PS16esq,1,0,0,0,0,0
SN2016gsu,Ia,0.076,SN2016gsu;PTSS-16pur;AT2016gsu,0,0,0,0,0,0
SN2016gye,Ia,0.021171;0.021171;0.021171,SN2016gye;ASASSN-16lg;AT2016gye,1,0,0,0,0,0
SN2016hgw,Ia,0.022886,SN2016hgw;ATLAS16dpb;AT2016hgw;iPTF16hgw,1,0,0,0,0,0
SN2016hhv,Ia,0.062;0.062,SN2016hhv;ATLAS16drn;AT2016hhv;iPTF16hhv,1,0,0,0,0,0
SN2016hjk,Ia-91T;Ia,0.085;0.085,SN2016hjk;PS16eqv;AT2016hjk,1,0,0,0,0,0
SN2016hli,Ia,0.016752,SN2016hli;ATLAS16dod;AT2016hli,1,0,0,0,0,0
SN2016hns,Ia,0.037,SN2016hns;ATLAS16dpv;AT2016hns,0,0,0,0,0,0
SN2016hot,Ia,0.074;0.074,SN2016hot;PS16etp;AT2016hot;CSS161013:015319+171853,1,0,0,0,0,0
SN2016hpw,Ia,0.02;0.02,SN2016hpw;ATLAS16dqf;AT2016hpw,1,0,0,0,0,0
SN2016hpx,Ia,0.033;0.033,SN2016hpx;ATLAS16dqh;AT2016hpx;Gaia16bwt;PS17aji,1,0,0,0,0,0
SN2016hqf,Ia,0.055;0.055,SN2016hqf;PS16evk;AT2016hqf,1,0,0,0,0,0
SN2016htm,Ia,0.041;0.041,SN2016htm;ATLAS16dsh;AT2016htm;Gaia16bvq;PS16fci;SMT16ansp,1,0,0,0,0,0
SN2016htn,Ia,0.053;0.053,SN2016htn;ATLAS16dsj;AT2016htn;PS16fch;Gaia16bxx,1,0,0,0,0,0
SN2016hvl,Ia,0.013;0.013,SN2016hvl;ATLAS16dtf;AT2016hvl;Gaia16bte,1,0,0,0,0,0
SN2016ick,Ia,0.0525;0.0525,SN2016ick;PS16fbb;AT2016ick;Gaia16bvg,1,0,0,0,0,0
SN2016idy,,,SN2016idy;AT2016idy;PS16fbm;MASTER OT J013415.01-174843.9;MASTER OT JJ013415.01-174843.9,0,0,0,0,0,0
SN2016ija,II;Ia-91T,0.003468;0.003468,SN2016ija;DLT16am;AT2016ija;Gaia16bxs,2,0,0,0,0,0
SN2016ixf,Ia,0.068;0.068,SN2016ixf;Gaia16cdf;AT2016ixf;PS17bll,1,0,0,0,0,0
SN2016iyv,Ia-91T;Ia,0.031;0.031,SN2016iyv;ASASSN-16oz;AT2016iyv;Gaia16cgf;PS17bqr,1,0,0,0,0,0
SN2016jem,Ia,0.049,SN2016jem;ATLAS16eej;AT2016jem,0,0,0,0,0,0
SN2016ys,Ia,0.028343;0.028343,SN2016ys;AT2016ys;ASASSN-16ay,1,0,0,0,0,0
SN2016zd,Ia,0.031939;0.031939,SN2016zd;ASASSN-16bc;AT2016zd;PS16aqd,1,0,0,0,0,0
SN2017aaa,Ia,0.047;0.047,SN2017aaa;PS17akj;AT2017aaa;Gaia17alw,1,0,0,0,0,0
SN2017adj,Ia,0.03;0.03,SN2017adj;ATLAS17axb;AT2017adj;Gaia17amq;PS17bws,1,0,0,0,0,0
SN2017awk,Ia,0.018056;0.018056;0.018056,SN2017awk;AT2017awk;ASASSN-17co,1,0,0,0,0,0
SN2017awz,Ia-91T,0.022;0.022,SN2017awz;ATLAS17bas;AT2017awz,1,0,0,0,0,0
SN2017azk,Ia,0.07339;0.07339,SN2017azk;PS17bii;AT2017azk,1,0,0,0,0,0
SN2017bcc,SLSN-II;TDE,0.148;0.133;0.148,SN2017bcc;AT2017bcc;PS17bgn,1,0,0,0,0,0
SN2017cfb,Ia,0.022872,SN2017cfb;ATLAS17cof;AT2017cfb;PS17bwt;CSS170417:135407+092446;Gaia17blj,0,0,0,0,0,0
SN2017cfc,Ia,0.024027,SN2017cfc;ATLAS17cog;AT2017cfc;PS17cfr,1,0,0,0,0,0
SN2017cfd,Ia,0.012085;0.012085,SN2017cfd;KAIT-17I;AT2017cfd;Gaia17avm;PS17ceu,1,0,0,0,0,0
SN2017cgr,Ia,0.037,SN2017cgr;MASTER OT J083256.92-035128.1;AT2017cgr;PS17bup;Gaia17atq;MASTER OT JJ083256.92-035128.1,0,0,0,0,0,0
SN2017cii,Ia,0.033253;0.033253;0.033253,SN2017cii;ASASSN-17du;AT2017cii;Gaia17baa;PS17dbv,1,0,0,0,0,0
SN2017ciy,Ia,0.04;0.04,SN2017ciy;ATLAS17daf;AT2017ciy;MLS170408:170407+250310;Gaia17azx;PS17cyr,1,0,0,0,0,0
SN2017cju,Ia,0.049334;0.049334,SN2017cju;ASASSN-17eb;AT2017cju;PS17dbp,2,0,0,0,0,0
SN2017cjv,Ia,0.06;0.06,SN2017cjv;ATLAS17dda;AT2017cjv;PS17cci,1,0,0,0,0,0
SN2017ckd,Ia,0.068334,SN2017ckd;PTSS-17niq;AT2017ckd;PS17bww,0,0,0,0,0,0
SN2017ckx,Ia,0.027675;0.027675,SN2017ckx;ASASSN-17ee;AT2017ckx,1,0,0,0,0,0
SN2017coa,Ia,0.04;0.04,SN2017coa;AT2017coa,1,0,0,0,0,0
SN2017cpu,Ia,0.054411;0.054411,SN2017cpu;ASASSN-17ej;AT2017cpu,1,0,0,0,0,0
SN2017cts,Ia,0.01976;0.01976,SN2017cts;AT2017cts;ASASSN-17em;Gaia17bdd;PS17dex,1,0,0,0,0,0
SN2017hn,Ia,0.0238;0.0238,SN2017hn;AT2017hn,1,0,0,0,0,0
SN2017jl,Ia,0.02;0.02,SN2017jl;ATLAS17air;AT2017jl,1,0,0,0,0,0
SN2017lc,Ia,0.05;0.05,SN2017lc;Gaia17aea;AT2017lc,1,0,0,0,0,0
SN2017lm,Ia,0.03052;0.03052,SN2017lm;ATLAS17aix;AT2017lm;Gaia17akm,1,0,0,0,0,0
SN2017ln,Ia,0.025356;0.025356,SN2017ln;ASASSN-17at;AT2017ln;PS17bhi,1,0,0,0,0,0
SN2017lv,Ia,0.0287,SN2017lv;ATLAS17ajn;AT2017lv,1,0,0,0,0,0
SN2017me,Ia,0.032668,SN2017me;ATLAS17ajs;AT2017me;PS17bhg,1,0,0,0,0,0
SN2017mf,Ia,0.025678,SN2017mf;Gaia17ano;AT2017mf,2,0,0,0,0,0
SN2017ms,Ia,0.0246;0.0245;0.0245;0.0246,SN2017ms;PTSS-17dfc;AT2017ms;Gaia17axi;PS17cfh,2,0,0,0,0,0
SN2017mu,Ia,0.0815;0.0815,SN2017mu;PTSS-17dgm;AT2017mu;PS17qr,1,0,0,0,0,0
SN2017nk,Ia,0.034554;0.034554,SN2017nk;ASASSN-17bd;AT2017nk,0,0,0,0,0,0
SN2017ns,Ia,0.0279;0.0279,SN2017ns;ATLAS17alb;AT2017ns;PS17agl;Gaia17akz,1,0,0,0,0,0
SN2017nw,Ia,0.077;0.077,SN2017nw;ATLAS17ali;AT2017nw;PS17atr,1,0,0,0,0,0
SN2017oz,Ia,0.056,SN2017oz;ATLAS17amc;AT2017oz,0,0,0,0,0,0
SN2017po,Ia,0.031864;0.031864,SN2017po;ASASSN-17bh;AT2017po;Gaia17ait;CSS170130:160352+395924,0,0,0,0,0,0
SN2017wb,Ia,0.03;0.03,SN2017wb;ASASSN-17bo;AT2017wb;PS17awj;Gaia17air,1,0,0,0,0,0
SN2017ya,Ia,0.07,SN2017ya;ATLAS17arb;AT2017ya,0,0,0,0,0,0
SN2017yh,Ia,0.020401;0.020401,SN2017yh;ASASSN-17bs;AT2017yh;Gaia17ahm;PS17cyu,0,0,0,0,0,0
SN2017yk,Ia,0.046,SN2017yk;ATLAS17asj;AT2017yk;PS17bqx,0,0,0,0,0,0
SN2017zd,Ia,0.029;0.029,SN2017zd;ATLAS17auc;AT2017zd,1,0,0,0,0,0
SNLS-03D1ar,Ia;Ia?;Ia,0.408;0.408,SNLS-03D1ar,1,0,0,0,0,0
SNLS-03D1au,Ia;Ia,0.5043;0.5043,SNLS-03D1au,1,0,0,1,0,1
SNLS-03D1aw,Ia;Ia,0.582;0.582,SNLS-03D1aw,1,0,0,1,0,1
SNLS-03D1ax,Ia;Ia,0.496;0.496,SNLS-03D1ax,1,0,0,1,0,1
SNLS-03D1bp,Ia;Ia?;Ia,0.347;0.346;0.347,SNLS-03D1bp,1,0,0,1,0,1
SNLS-03D1cm,Ia;Ia Pec;Ia? P?,0.87;0.87,SNLS-03D1cm,1,0,0,0,0,0
SNLS-03D1co,Ia,0.679;0.679,SNLS-03D1co,3,0,0,1,0,1
SNLS-03D3ay,Ia,0.3709;0.3709,SNLS-03D3ay,1,0,0,1,0,1
SNLS-03D3ce,,0.2881,SNLS-03D3ce,0,0,0,0,0,0
SNLS-03D4cj,Ia;Ia,0.27;0.27;0.27,SNLS-03D4cj,2,0,0,1,0,1
SNLS-03D4cw,,0.1543;0.1543,SNLS-03D4cw,0,0,0,0,0,0
SNLS-03D4dh,Ia,0.6268,SNLS-03D4dh,1,0,0,1,0,1
SNLS-03D4dy,Ia,0.604,SNLS-03D4dy,1,0,0,1,0,1
SNLS-03D4gf,Ia;Ia?;Ia,0.581,SNLS-03D4gf,1,0,0,1,0,1
SNLS-03D4gg,Ia;Ia?;Ia,0.592;0.592,SNLS-03D4gg,1,0,0,1,0,1
SNLS-04D1dc,Ia;Ia,0.211;0.211,SNLS-04D1dc;2MASS J02261840-0418425,1,0,0,1,0,1
SNLS-04D1de,Ia;Ia?,0.7677,SNLS-04D1de,1,0,0,1,0,1
SNLS-04D1hd,Ia;Ia,0.3688,SNLS-04D1hd,2,0,0,1,0,1
SNLS-04D1hx,Ia;Ia,0.56;0.56;0.56,SNLS-04D1hx,1,0,0,1,0,1
SNLS-04D1hy,Ia,0.85;0.85,SNLS-04D1hy,1,0,0,1,0,1
SNLS-04D1jg,Ia;Ia,0.5842;0.5842,SNLS-04D1jg,1,0,0,1,0,1
SNLS-04D1kj,Ia;Ia,0.585;0.585,SNLS-04D1kj,1,0,0,1,0,1
SNLS-04D1ks,Ia,0.798;0.798,SNLS-04D1ks,1,0,0,1,0,1
SNLS-04D1ln,II P,0.2077;0.2072,SNLS-04D1ln,0,0,0,0,0,0
SNLS-04D1oh,Ia;Ia,0.59;0.59;0.59,SNLS-04D1oh,1,0,0,1,0,1
SNLS-04D1pg,Ia;Ia,0.515;0.515,SNLS-04D1pg,1,0,0,1,0,1
SNLS-04D1pj,,0.1556;0.1556,SNLS-04D1pj,0,0,0,0,0,0
SNLS-04D1rh,Ia;Ia,0.436;0.436,SNLS-04D1rh,2,0,0,1,0,1
SNLS-04D1sa,Ia;Ia,0.585;0.585,SNLS-04D1sa,1,0,0,1,0,1
SNLS-04D1si,Ia,0.702;0.702,SNLS-04D1si,1,0,0,1,0,1
SNLS-04D1sk,Ia,0.6634;0.6634,SNLS-04D1sk,1,0,0,1,0,1
SNLS-04D2ac,Ia;Ia,0.348;0.348,SNLS-04D2ac,1,0,0,0,0,0
SNLS-04D2bt,Ia;Ia,0.22;0.22;0.22,SNLS-04D2bt;2MASS J09593273+0214527,1,0,0,0,0,0
SNLS-04D2cf,Ia;Ia,0.369;0.369,SNLS-04D2cf,1,0,0,1,0,1
SNLS-04D2fp,Ia;Ia,0.415;0.415,SNLS-04D2fp,1,0,0,1,0,1
SNLS-04D2fs,Ia;Ia,0.357;0.357,SNLS-04D2fs,1,0,0,1,0,1
SNLS-04D2gb,Ia;Ia?;Ia,0.45;0.43;0.43,SNLS-04D2gb,0,0,0,1,0,1
SNLS-04D2gc,Ia;Ia,0.521;0.521,SNLS-04D2gc,2,0,0,1,0,1
SNLS-04D2kr,Ia,0.7441;0.7441,SNLS-04D2kr,1,0,0,1,0,1
SNLS-04D2mc,Ia,0.3468,SNLS-04D2mc,1,0,0,1,0,1
SNLS-04D2mh,Ia;Ia?;Ia,0.59;0.59,SNLS-04D2mh,1,0,0,1,0,1
SNLS-04D2mj,Ia;Ia,0.513,SNLS-04D2mj,1,0,0,1,0,1
SNLS-04D3bf,Ia,0.156;0.156,SNLS-04D3bf,1,0,0,0,0,0
SNLS-04D3cp,Ia,0.83;0.83,SNLS-04D3cp,1,0,0,0,0,0
SNLS-04D3cy,Ia,0.643;0.643,SNLS-04D3cy,0,0,0,1,0,1
SNLS-04D3df,Ia;Ia,0.47;0.47;0.47,SNLS-04D3df,0,0,0,1,0,1
SNLS-04D3do,Ia;Ia?,0.61;0.61,SNLS-04D3do,0,0,0,1,0,1
SNLS-04D3ez,Ia;Ia,0.263;0.263,SNLS-04D3ez,1,0,0,1,0,1
SNLS-04D3fk,Ia;Ia,0.3578;0.3578,SNLS-04D3fk,1,0,0,1,0,1
SNLS-04D3fq,Ia,0.742,SNLS-04D3fq,1,0,0,1,0,1
SNLS-04D3gt,Ia;Ia?;Ia,0.451;0.451,SNLS-04D3gt,0,0,0,1,0,1
SNLS-04D3hn,Ia;Ia,0.552;0.552,SNLS-04D3hn,1,0,0,1,0,1
SNLS-04D3kr,Ia;Ia,0.337;0.337,SNLS-04D3kr,1,0,0,1,0,1
SNLS-04D3ks,Ia,0.752,SNLS-04D3ks,0,0,0,1,0,1
SNLS-04D3mk,Ia,0.813;0.813,SNLS-04D3mk,1,0,0,1,0,1
SNLS-04D3nc,Ia;Ia?,0.817;0.817,SNLS-04D3nc,1,0,0,1,0,1
SNLS-04D3nh,Ia;Ia,0.34;0.34;0.34,SNLS-04D3nh,1,0,0,1,0,1
SNLS-04D3nq,Ia;Ia,0.22;0.22;0.22,SNLS-04D3nq,1,0,0,0,0,0
SNLS-04D3oe,Ia,0.756;0.756,SNLS-04D3oe,1,0,0,1,0,1
SNLS-04D4an,Ia,0.613;0.613,SNLS-04D4an,1,0,0,1,0,1
SNLS-04D4bq,Ia;Ia,0.55;0.55;0.55,SNLS-04D4bq,2,0,0,1,0,1
SNLS-04D4fu,,0.133;0.133;0.144,SNLS-04D4fu,0,0,0,0,0,0
SNLS-04D4fx,Ia,0.629;0.629,SNLS-04D4fx,1,0,0,1,0,1
SNLS-04D4gg,Ia;Ia,0.4238,SNLS-04D4gg,1,0,0,1,0,1
SNLS-04D4gz,Ia;Ia?;Ia,0.375;0.375,SNLS-04D4gz,2,0,0,0,0,0
SNLS-04D4ht,Ia;Ia,0.217;0.217,SNLS-04D4ht,1,0,0,0,0,0
SNLS-04D4hu,Ia,0.7027,SNLS-04D4hu,1,0,0,1,0,1
SNLS-04D4ib,Ia,0.699;0.699,SNLS-04D4ib,1,0,0,1,0,1
SNLS-04D4im,Ia,0.751;0.751,SNLS-04D4im,1,0,0,1,0,1
SNLS-04D4in,Ia;Ia,0.516;0.516,SNLS-04D4in,1,0,0,1,0,1
SNLS-04D4jr,Ia;Ia,0.482,SNLS-04D4jr,2,0,0,1,0,1
SNLS-04D4ju,Ia;Ia,0.472;0.472,SNLS-04D4ju,1,0,0,1,0,1
SNLS-05D1by,Ia,0.299,SNLS-05D1by,1,0,0,0,0,0
SNLS-05D1cb,Ia,0.632;0.632,SNLS-05D1cb,1,0,0,1,0,1
SNLS-05D1cc,Ia,0.564;0.564,SNLS-05D1cc,1,0,0,1,0,1
SNLS-05D1ck,Ia,0.617;0.617,SNLS-05D1ck,1,0,0,1,0,1
SNLS-05D1cl,Ia;Ia?,0.83;0.83,SNLS-05D1cl,1,0,0,1,0,1
SNLS-05D1dn,Ia,0.566;0.566,SNLS-05D1dn,1,0,0,1,0,1
SNLS-05D1dx,Ia,0.58;0.58,SNLS-05D1dx,0,0,0,1,0,1
SNLS-05D1ee,Ia,0.559;0.558,SNLS-05D1ee,1,0,0,1,0,1
SNLS-05D1ej,Ia,0.312;0.312,SNLS-05D1ej,1,0,0,0,0,0
SNLS-05D1hk,Ia,0.2631,SNLS-05D1hk,2,0,0,1,0,1
SNLS-05D1hm,Ia,0.587;0.587,SNLS-05D1hm,0,0,0,1,0,1
SNLS-05D1if,Ia,0.763;0.763,SNLS-05D1if,1,0,0,1,0,1
SNLS-05D1ix,Ia,0.49;0.49,SNLS-05D1ix,1,0,0,1,0,1
SNLS-05D1iy,Ia,0.2478;0.2478,SNLS-05D1iy,1,0,0,0,0,0
SNLS-05D1ke,Ia,0.69;0.69,SNLS-05D1ke,1,0,0,1,0,1
SNLS-05D1kl,Ia;Ia?,0.56;0.56,SNLS-05D1kl,1,0,0,1,0,1
SNLS-05D2ab,Ia;Ia,0.323,SNLS-05D2ab,1,0,0,1,0,1
SNLS-05D2ac,Ia;Ia,0.479;0.479,SNLS-05D2ac,1,0,0,1,0,1
SNLS-05D2ah,Ia,0.184;0.184,SNLS-05D2ah,1,0,0,1,0,1
SNLS-05D2bk,,0.699,SNLS-05D2bk,0,0,0,0,0,0
SNLS-05D2bt,Ia,0.679,SNLS-05D2bt,1,0,0,1,0,1
SNLS-05D2bv,Ia;Ia,0.474;0.474,SNLS-05D2bv,1,0,0,1,0,1
SNLS-05D2cb,Ia;Ia?;Ia,0.427;0.427,SNLS-05D2cb,1,0,0,1,0,1
SNLS-05D2dt,Ia,0.574;0.574,SNLS-05D2dt,1,0,0,1,0,1
SNLS-05D2dw,Ia;Ia,0.417;0.417,SNLS-05D2dw,1,0,0,1,0,1
SNLS-05D2dy,Ia;Ia,0.51;0.51,SNLS-05D2dy,1,0,0,1,0,1
SNLS-05D2eb,Ia,0.5344,SNLS-05D2eb,1,0,0,1,0,1
SNLS-05D2ei,Ia;Ia?;Ia,0.366;0.366,SNLS-05D2ei,1,0,0,0,0,0
SNLS-05D2fq,Ia,0.7329,SNLS-05D2fq,1,0,0,1,0,1
SNLS-05D2hc,Ia;Ia,0.35;0.36;0.36,SNLS-05D2hc,0,0,0,1,0,1
SNLS-05D2he,Ia,0.608;0.608,SNLS-05D2he,1,0,0,1,0,1
SNLS-05D2ie,Ia;Ia,0.348;0.348,SNLS-05D2ie,1,0,0,1,0,1
SNLS-05D2mp,Ia,0.3537;0.3537,SNLS-05D2mp,1,0,0,1,0,1
SNLS-05D3cf,Ia;Ia,0.418732,SNLS-05D3cf,1,0,0,1,0,1
SNLS-05D3ci,Ia;Ia,0.515,SNLS-05D3ci,1,0,0,1,0,1
SNLS-05D3cx,Ia,0.805;0.805,SNLS-05D3cx,1,0,0,1,0,1
SNLS-05D3dd,Ia;Ia,0.48;0.48;0.48,SNLS-05D3dd,0,0,0,1,0,1
SNLS-05D3gp,Ia;Ia,0.58;0.58;0.58,SNLS-05D3gp,0,0,0,1,0,1
SNLS-05D3gv,Ia,0.715;0.715,SNLS-05D3gv,0,0,0,1,0,1
SNLS-05D3gy,Ia Pec;Ia? P?,0.84,SNLS-05D3gy,0,0,0,0,0,0
SNLS-05D3hq,Ia;Ia,0.338,SNLS-05D3hq,0,0,0,0,0,0
SNLS-05D3hs,Ia,0.664;0.664,SNLS-05D3hs,0,0,0,1,0,1
SNLS-05D3ht,Ia,0.901;0.901,SNLS-05D3ht,0,0,0,1,0,1
SNLS-05D3jb,Ia,0.745;0.745,SNLS-05D3jb,0,0,0,1,0,1
SNLS-05D3jh,Ia,0.718;0.718,SNLS-05D3jh,0,0,0,1,0,1
SNLS-05D3jk,Ia,0.736;0.736,SNLS-05D3jk,0,0,0,1,0,1
SNLS-05D3jq,Ia;Ia,0.579,SNLS-05D3jq,1,0,0,1,0,1
SNLS-05D3jr,Ia;Ia,0.37;0.37;0.37,SNLS-05D3jr,0,0,0,1,0,1
SNLS-05D3kp,Ia,0.85;0.85,SNLS-05D3kp,0,0,0,1,0,1
SNLS-05D3kt,Ia,0.647341,SNLS-05D3kt,1,0,0,1,0,1
SNLS-05D3kx,Ia;Ia,0.219,SNLS-05D3kx,0,0,0,1,0,1
SNLS-05D3lb,Ia,0.647;0.647,SNLS-05D3lb,1,0,0,1,0,1
SNLS-05D3lc,Ia;Ia?,0.461;0.461,SNLS-05D3lc,0,0,0,1,0,1
SNLS-05D3lr,Ia,0.6;0.6,SNLS-05D3lr,0,0,0,1,0,1
SNLS-05D3mn,Ia;Ia?,0.76;0.76,SNLS-05D3mn,1,0,0,1,0,1
SNLS-05D3mq,Ia;Ia,0.246,SNLS-05D3mq,1,0,0,1,0,1
SNLS-05D3mx,Ia;Ia?;Ia,0.47;0.47;0.47;0.46,SNLS-05D3mx,1,0,0,1,0,1
SNLS-05D3ne,Ia,0.169221,SNLS-05D3ne,1,0,0,0,0,0
SNLS-05D4af,Ia,0.499;0.499,SNLS-05D4af,1,0,0,1,0,1
SNLS-05D4av,Ia,0.509;0.509,SNLS-05D4av,1,0,0,1,0,1
SNLS-05D4ay,Ia;Ia?,0.408;0.408,SNLS-05D4ay,2,0,0,0,0,0
SNLS-05D4be,Ia,0.537;0.537,SNLS-05D4be,1,0,0,1,0,1
SNLS-05D4bf,Ia,0.589;0.589,SNLS-05D4bf,0,0,0,1,0,1
SNLS-05D4bi,Ia,0.775;0.775,SNLS-05D4bi,1,0,0,1,0,1
SNLS-05D4bm,Ia,0.372;0.375,SNLS-05D4bm,1,0,0,1,0,1
SNLS-05D4cn,Ia,0.763;0.763,SNLS-05D4cn,2,0,0,1,0,1
SNLS-05D4cq,Ia,0.701;0.701,SNLS-05D4cq,1,0,0,1,0,1
SNLS-05D4cs,Ia,0.79;0.79,SNLS-05D4cs,1,0,0,1,0,1
SNLS-05D4cw,Ia,0.375;0.375,SNLS-05D4cw,1,0,0,1,0,1
SNLS-05D4dt,Ia,0.407;0.407,SNLS-05D4dt,1,0,0,1,0,1
SNLS-05D4ef,Ia;Ia?,0.605;0.605,SNLS-05D4ef,1,0,0,1,0,1
SNLS-05D4ej,Ia,0.585;0.585,SNLS-05D4ej,1,0,0,1,0,1
SNLS-05D4ek,Ia,0.536;0.536,SNLS-05D4ek,1,0,0,1,0,1
SNLS-05D4fe,Ia;Ia?,0.984;0.984,SNLS-05D4fe,1,0,0,0,0,0
SNLS-05D4ff,Ia;Ia?,0.402;0.402,SNLS-05D4ff,1,0,0,1,0,1
SNLS-05D4fg,Ia,0.839;0.839,SNLS-05D4fg,1,0,0,1,0,1
SNLS-05D4fo,Ia,0.373;0.373,SNLS-05D4fo,0,0,0,1,0,1
SNLS-05D4hn,Ia;Ia?,0.842;0.842,SNLS-05D4hn,1,0,0,1,0,1
SNLS-06D1ab,Ia,0.182;0.182,SNLS-06D1ab,1,0,0,0,0,0
SNLS-06D1hc,,0.555,SNLS-06D1hc,1,0,0,0,0,0
SNLS-06D2ag,Ia,0.31,SNLS-06D2ag,0,0,0,0,0,0
SNLS-06D2ca,Ia,0.531;0.531,SNLS-06D2ca,2,0,0,1,0,1
SNLS-06D2ck,Ia;Ia?,0.552;0.552,SNLS-06D2ck,1,0,0,1,0,1
SNLS-06D2ez,Ia,0.082,SNLS-06D2ez,0,0,0,0,0,0
SNLS-06D2fb,Ia,0.1245,SNLS-06D2fb,0,0,0,1,0,1
SNLS-06D2ff,Ia,0.345,SNLS-06D2ff,0,0,0,0,0,0
SNLS-06D2ga,Ia;Ia?,0.8424,SNLS-06D2ga,1,0,0,1,0,1
SNLS-06D2gb,Ia;Ia?,0.442;0.442,SNLS-06D2gb,0,0,0,1,0,1
SNLS-06D3bz,Ia,0.727,SNLS-06D3bz,1,0,0,1,0,1
SNLS-06D3cc,Ia;Ia?,0.683,SNLS-06D3cc,1,0,0,1,0,1
SNLS-06D3cn,Ia,0.232,SNLS-06D3cn,1,0,0,0,0,0
SNLS-06D3df,Ia,0.442;0.442,SNLS-06D3df,0,0,0,1,0,1
SNLS-06D3dl,Ia;Ia?,0.357,SNLS-06D3dl,0,0,0,0,0,0
SNLS-06D3do,Ia,0.726;0.726,SNLS-06D3do,0,0,0,1,0,1
SNLS-06D3dt,Ia,0.282;0.282,SNLS-06D3dt,0,0,0,1,0,1
SNLS-06D3ed,Ia,0.404,SNLS-06D3ed,1,0,0,1,0,1
SNLS-06D3el,Ia,0.519,SNLS-06D3el,1,0,0,1,0,1
SNLS-06D3em,Ia,0.69;0.69,SNLS-06D3em,0,0,0,1,0,1
SNLS-06D3et,Ia,0.5755,SNLS-06D3et,1,0,0,1,0,1
SNLS-06D3fp,Ia,0.268,SNLS-06D3fp,1,0,0,1,0,1
SNLS-06D3gn,Ia,0.2501,SNLS-06D3gn,1,0,0,1,0,1
SNLS-06D3gx,Ia,0.76,SNLS-06D3gx,1,0,0,0,0,0
SNLS-06D4bo,Ia,0.552;0.552,SNLS-06D4bo,0,0,0,1,0,1
SNLS-06D4co,Ia,0.437;0.437,SNLS-06D4co,1,0,0,1,0,1
SNLS-06D4cq,Ia,0.411;0.411,SNLS-06D4cq,1,0,0,1,0,1
SNLS-06D4dh,Ia,0.3027,SNLS-06D4dh,1,0,0,1,0,1
SNLS-06D4eu,SLSN-I;I,1.588,SNLS-06D4eu,1,0,0,0,0,0
SNLS-07D2bv,SLSN-I,1.5,SNLS-07D2bv,1,0,0,0,0,0
iPTF13ajg,SLSN-I,0.74,iPTF13ajg,9,0,0,0,0,1
iPTF13bvn,Ib,0.00449,iPTF13bvn;PTF13bvn,25,0,0,0,0,1
iPTF13dge,Ia;I,0.015854,iPTF13dge;PSN J05033510+0134176;PS1-13dvn;CSS131007:050335+013418;PSN J05033510+013417,19,0,0,0,0,1
iPTF13ebh,Ia,0.013269,iPTF13ebh;PSN J02215998+3316137,0,0,0,0,0,0
iPTF13ehe,SLSN-R,0.3434,iPTF13ehe,6,0,0,0,0,1
iPTF13z,IIn,0.0328,iPTF13z,0,0,0,0,0,0
iPTF15esb,SLSN-I,0.224,iPTF15esb,0,0,0,0,0,0
iPTF16bad,SLSN-I,0.2467,iPTF16bad,0,0,0,0,0,0
iPTF17fs,,,iPTF17fs,0,0,0,0,0,0
